,사고번호,사고일시,요일,시군구,사고내용,사망자수,중상자수,경상자수,부상신고자수,사고유형,법규위반,노면상태,기상상태,도로형태,가해운전자 차종,가해운전자 성별,가해운전자 연령,가해운전자 상해정도,피해운전자 차종,피해운전자 성별,피해운전자 연령,피해운전자 상해정도
2624,2019092700100207,2019년 9월 27일 09시,금요일,전라북도 익산시 어양동,중상사고,0,1,0,0,차대사람 - 기타,기타,포장 - 건조,맑음,단일로 - 기타,화물,남,56세,상해없음,보행자,남,60세,중상
2625,2019092700100731,2019년 9월 27일 22시,금요일,전라북도 무주군 무주읍,중상사고,0,1,0,0,차대사람 - 횡단중,보행자보호의무위반,포장 - 건조,맑음,교차로 - 교차로횡단보도내,승합,남,39세,상해없음,보행자,여,83세,중상
2626,2019092700100760,2019년 9월 27일 23시,금요일,전라북도 전주시 덕진구 인후동2가,중상사고,0,1,0,0,차대사람 - 기타,안전운전불이행,포장 - 건조,맑음,교차로 - 교차로부근,승용,남,62세,상해없음,보행자,남,61세,중상
2627,2019092700100761,2019년 9월 27일 23시,금요일,전라북도 군산시 수송동,중상사고,0,1,0,0,차대사람 - 기타,안전운전불이행,포장 - 건조,맑음,단일로 - 기타,승용,남,26세,상해없음,보행자,남,21세,중상
2628,2019092800100048,2019년 9월 28일 00시,토요일,전라북도 전주시 완산구 평화동2가,경상사고,0,0,1,0,차대사람 - 기타,안전운전불이행,포장 - 건조,맑음,기타 - 기타,승용,여,18세,상해없음,보행자,남,47세,경상
2629,2019092800100068,2019년 9월 28일 01시,토요일,전라북도 전주시 덕진구 인후동1가,중상사고,0,1,0,0,차대사람 - 횡단중,안전운전불이행,포장 - 건조,맑음,교차로 - 교차로횡단보도내,승용,남,23세,상해없음,보행자,남,27세,중상
2630,2019092800100121,2019년 9월 28일 05시,토요일,전라북도 고창군 부안면,사망사고,1,0,0,0,차대사람 - 길가장자리구역통행중,안전운전불이행,포장 - 건조,맑음,단일로 - 기타,승용,남,64세,상해없음,보행자,여,79세,사망
2631,2019092800100201,2019년 9월 28일 09시,토요일,전라북도 전주시 덕진구 팔복동1가,중상사고,0,1,0,0,차대사람 - 기타,안전운전불이행,포장 - 건조,맑음,단일로 - 기타,화물,남,40세,상해없음,보행자,여,72세,중상
2632,2019092800100509,2019년 9월 28일 16시,토요일,전라북도 완주군 동상면,사망사고,1,0,0,0,차대사람 - 기타,안전운전불이행,포장 - 건조,맑음,단일로 - 기타,화물,남,63세,상해없음,보행자,여,79세,사망
2633,2019092800100680,2019년 9월 28일 20시,토요일,전라북도 군산시 나운동,중상사고,0,1,0,0,차대사람 - 길가장자리구역통행중,안전운전불이행,포장 - 건조,맑음,교차로 - 교차로부근,승용,여,54세,상해없음,보행자,남,23세,중상
2634,2019092900100520,2019년 9월 29일 20시,일요일,전라북도 군산시 조촌동,중상사고,0,1,0,0,차대사람 - 차도통행중,신호위반,포장 - 건조,맑음,교차로 - 교차로횡단보도내,이륜,남,47세,상해없음,보행자,여,62세,중상
2635,2019093000100187,2019년 9월 30일 09시,월요일,전라북도 전주시 덕진구 호성동2가,사망사고,1,0,0,0,차대사람 - 차도통행중,안전운전불이행,포장 - 건조,맑음,단일로 - 기타,승용,여,55세,상해없음,보행자,여,71세,사망
2636,2019093000100327,2019년 9월 30일 13시,월요일,전라북도 전주시 완산구 중앙동1가,경상사고,0,0,1,0,차대사람 - 기타,안전운전불이행,포장 - 건조,맑음,단일로 - 기타,승용,남,25세,상해없음,보행자,남,57세,경상
2637,2019093000100328,2019년 9월 30일 13시,월요일,전라북도 전주시 덕진구 송천동1가,경상사고,0,0,1,0,차대사람 - 보도통행중,안전운전불이행,포장 - 건조,맑음,단일로 - 기타,승용,남,57세,상해없음,보행자,남,36세,경상
2638,2019093000100558,2019년 9월 30일 18시,월요일,전라북도 군산시 금광동,중상사고,0,1,0,0,차대사람 - 차도통행중,보행자보호의무위반,포장 - 건조,기타,단일로 - 기타,승용,남,50세,상해없음,보행자,남,81세,중상
2639,2019093000100625,2019년 9월 30일 19시,월요일,전라북도 완주군 구이면,중상사고,0,1,0,0,차대사람 - 기타,안전운전불이행,포장 - 건조,맑음,단일로 - 기타,화물,남,55세,상해없음,보행자,남,62세,중상
2640,2019100100100149,2019년 10월 1일 08시,화요일,전라북도 군산시 조촌동,경상사고,0,0,1,0,차대사람 - 횡단중,보행자보호의무위반,포장 - 건조,맑음,교차로 - 교차로횡단보도내,승용,남,49세,상해없음,보행자,여,35세,경상
2641,2019100100100219,2019년 10월 1일 10시,화요일,전라북도 군산시 경암동,경상사고,0,0,1,0,차대사람 - 횡단중,신호위반,포장 - 건조,맑음,단일로 - 지하차도(도로)내,승용,여,63세,기타불명,보행자,여,74세,경상
2642,2019100100100288,2019년 10월 1일 12시,화요일,전라북도 익산시 신동,중상사고,0,1,0,0,차대사람 - 보도통행중,기타,포장 - 건조,맑음,교차로 - 교차로부근,화물,남,28세,상해없음,보행자,여,80세,중상
2643,2019100100100354,2019년 10월 1일 14시,화요일,전라북도 전주시 완산구 중화산동2가,경상사고,0,0,1,0,차대사람 - 횡단중,보행자보호의무위반,포장 - 건조,맑음,단일로 - 기타,승용,여,41세,상해없음,보행자,여,69세,경상
2644,2019100100100472,2019년 10월 1일 17시,화요일,전라북도 김제시 신풍동,중상사고,0,1,0,0,차대사람 - 기타,안전운전불이행,포장 - 젖음/습기,비,단일로 - 기타,화물,남,71세,상해없음,보행자,여,57세,중상
2645,2019100100100632,2019년 10월 1일 20시,화요일,전라북도 익산시 부송동,중상사고,0,1,0,0,차대사람 - 기타,안전운전불이행,포장 - 건조,맑음,단일로 - 기타,승용,남,36세,상해없음,보행자,남,42세,중상
2646,2019100200100044,2019년 10월 2일 01시,수요일,전라북도 전주시 완산구 평화동2가,중상사고,0,1,0,0,차대사람 - 횡단중,신호위반,포장 - 건조,기타,교차로 - 교차로횡단보도내,이륜,남,21세,상해없음,보행자,여,59세,중상
2647,2019100200100091,2019년 10월 2일 06시,수요일,전라북도 전주시 완산구 서신동,중상사고,0,1,0,0,차대사람 - 기타,안전운전불이행,포장 - 젖음/습기,비,기타 - 기타,자전거,남,37세,상해없음,보행자,여,65세,중상
2648,2019100200100230,2019년 10월 2일 10시,수요일,전라북도 부안군 부안읍,중상사고,0,1,0,0,차대사람 - 횡단중,안전운전불이행,포장 - 젖음/습기,비,단일로 - 기타,승용,남,74세,상해없음,보행자,여,69세,중상
2649,2019100200100378,2019년 10월 2일 14시,수요일,전라북도 군산시 경암동,경상사고,0,0,1,0,차대사람 - 길가장자리구역통행중,안전운전불이행,포장 - 젖음/습기,비,단일로 - 기타,승용,남,68세,상해없음,보행자,남,25세,경상
2650,2019100200100516,2019년 10월 2일 17시,수요일,전라북도 전주시 덕진구 여의동,경상사고,0,0,1,0,차대사람 - 횡단중,보행자보호의무위반,포장 - 젖음/습기,비,교차로 - 교차로횡단보도내,화물,남,68세,상해없음,보행자,여,63세,경상
2651,2019100200100762,2019년 10월 2일 20시,수요일,전라북도 군산시 조촌동,중상사고,0,1,0,0,차대사람 - 횡단중,안전운전불이행,포장 - 젖음/습기,맑음,단일로 - 지하차도(도로)내,승용,남,49세,상해없음,보행자,남,23세,중상
2652,2019100200100816,2019년 10월 2일 21시,수요일,전라북도 완주군 삼례읍,사망사고,1,0,0,0,차대사람 - 차도통행중,보행자보호의무위반,포장 - 젖음/습기,비,교차로 - 교차로부근,화물,남,31세,상해없음,보행자,남,55세,사망
2653,2019100200100870,2019년 10월 2일 22시,수요일,전라북도 전주시 완산구 효자동1가,중상사고,0,1,0,0,차대사람 - 기타,보행자보호의무위반,포장 - 젖음/습기,비,단일로 - 기타,화물,남,38세,상해없음,보행자,남,53세,중상
2654,2019100200100918,2019년 10월 2일 23시,수요일,전라북도 정읍시 연지동,경상사고,0,0,1,0,차대사람 - 기타,중앙선침범,포장 - 건조,맑음,단일로 - 기타,승용,남,64세,상해없음,보행자,여,55세,경상
2655,2019100200100919,2019년 10월 2일 23시,수요일,전라북도 정읍시 상동,중상사고,0,1,1,0,차대사람 - 횡단중,보행자보호의무위반,포장 - 젖음/습기,비,교차로 - 교차로횡단보도내,승용,남,33세,상해없음,보행자,남,41세,중상
2656,2019100300100042,2019년 10월 3일 00시,목요일,전라북도 전주시 덕진구 송천동2가,경상사고,0,0,2,0,차대사람 - 횡단중,보행자보호의무위반,포장 - 젖음/습기,비,교차로 - 교차로횡단보도내,승용,남,41세,상해없음,보행자,남,17세,경상
2657,2019100300100110,2019년 10월 3일 02시,목요일,전라북도 군산시 나운동,경상사고,0,0,1,0,차대사람 - 횡단중,신호위반,포장 - 젖음/습기,비,교차로 - 교차로횡단보도내,승용,남,21세,상해없음,보행자,여,62세,경상
2658,2019100300100385,2019년 10월 3일 15시,목요일,전라북도 군산시 소룡동,경상사고,0,0,1,0,차대사람 - 기타,안전운전불이행,포장 - 건조,맑음,교차로 - 교차로안,승용,여,41세,상해없음,보행자,여,59세,경상
2659,2019100400100086,2019년 10월 4일 06시,금요일,전라북도 부안군 부안읍,중상사고,0,1,0,0,차대사람 - 차도통행중,안전운전불이행,포장 - 건조,맑음,단일로 - 기타,화물,남,83세,상해없음,보행자,여,87세,중상
2660,2019100400100185,2019년 10월 4일 09시,금요일,전라북도 전주시 덕진구 인후동1가,중상사고,0,1,0,0,차대사람 - 횡단중,보행자보호의무위반,포장 - 건조,맑음,교차로 - 교차로횡단보도내,승용,여,35세,상해없음,보행자,남,60세,중상
2661,2019100400100290,2019년 10월 4일 12시,금요일,전라북도 전주시 덕진구 덕진동2가,경상사고,0,0,1,0,차대사람 - 기타,안전운전불이행,포장 - 건조,맑음,교차로 - 교차로안,승합,남,47세,상해없음,보행자,여,75세,경상
2662,2019100400100292,2019년 10월 4일 12시,금요일,전라북도 임실군 성수면,경상사고,0,0,1,0,차대사람 - 기타,안전운전불이행,포장 - 건조,맑음,단일로 - 기타,승용,남,68세,상해없음,보행자,남,24세,경상
2663,2019100400100348,2019년 10월 4일 13시,금요일,전라북도 완주군 고산면,중상사고,0,1,0,0,차대사람 - 보도통행중,보행자보호의무위반,포장 - 건조,맑음,교차로 - 교차로안,화물,남,56세,상해없음,보행자,여,83세,중상
2664,2019100400100399,2019년 10월 4일 14시,금요일,전라북도 정읍시 시기동,중상사고,0,1,0,0,차대사람 - 차도통행중,안전운전불이행,포장 - 건조,맑음,단일로 - 기타,화물,남,71세,상해없음,보행자,여,67세,중상
2665,2019100400100575,2019년 10월 4일 18시,금요일,전라북도 군산시 미룡동,중상사고,0,1,0,0,차대사람 - 보도통행중,안전운전불이행,포장 - 건조,맑음,기타 - 기타,승합,여,50세,상해없음,보행자,남,49세,중상
2666,2019100400100638,2019년 10월 4일 19시,금요일,전라북도 전주시 덕진구 반월동,경상사고,0,0,1,0,차대사람 - 차도통행중,안전운전불이행,포장 - 건조,맑음,교차로 - 교차로안,승용,남,22세,상해없음,보행자,여,62세,경상
2667,2019100400100639,2019년 10월 4일 19시,금요일,전라북도 군산시 나운동,중상사고,0,1,0,0,차대사람 - 기타,교차로운행방법위반,포장 - 건조,맑음,교차로 - 교차로안,화물,남,61세,상해없음,보행자,여,55세,중상
2668,2019100400100640,2019년 10월 4일 19시,금요일,전라북도 부안군 변산면,경상사고,0,0,1,0,차대사람 - 기타,안전운전불이행,포장 - 건조,맑음,교차로 - 교차로부근,화물,남,42세,상해없음,보행자,남,40세,경상
2669,2019100400100685,2019년 10월 4일 20시,금요일,전라북도 익산시 송학동,경상사고,0,0,1,0,차대사람 - 횡단중,안전운전불이행,포장 - 건조,맑음,교차로 - 교차로안,승용,여,54세,상해없음,보행자,남,52세,경상
2670,2019100500100038,2019년 10월 5일 01시,토요일,전라북도 전주시 완산구 중노송동,중상사고,0,1,0,0,차대사람 - 횡단중,안전운전불이행,포장 - 건조,맑음,교차로 - 교차로안,화물,남,45세,상해없음,보행자,여,55세,중상
2671,2019100500100355,2019년 10월 5일 15시,토요일,전라북도 전주시 완산구 서노송동,중상사고,0,1,0,0,차대사람 - 횡단중,안전운전불이행,포장 - 건조,맑음,단일로 - 기타,승용,남,45세,상해없음,보행자,남,81세,중상
2672,2019100600100306,2019년 10월 6일 15시,일요일,전라북도 김제시 부량면,경상사고,0,0,1,0,차대사람 - 기타,불법유턴,포장 - 건조,맑음,단일로 - 기타,승용,남,62세,상해없음,보행자,남,59세,경상
2673,2019100600100403,2019년 10월 6일 18시,일요일,전라북도 익산시 부송동,경상사고,0,0,1,0,차대사람 - 횡단중,안전운전불이행,포장 - 건조,맑음,단일로 - 기타,이륜,남,69세,상해없음,보행자,여,80세,경상
2674,2019100600100495,2019년 10월 6일 21시,일요일,전라북도 군산시 신풍동,중상사고,0,1,0,0,차대사람 - 차도통행중,안전운전불이행,포장 - 건조,맑음,단일로 - 지하차도(도로)내,이륜,남,25세,상해없음,보행자,여,58세,중상
2675,2019100700100055,2019년 10월 7일 04시,월요일,전라북도 전주시 완산구 전동3가,중상사고,0,1,0,0,차대사람 - 차도통행중,안전운전불이행,포장 - 젖음/습기,비,단일로 - 기타,승용,남,64세,상해없음,보행자,여,73세,중상
2676,2019100700100071,2019년 10월 7일 05시,월요일,전라북도 정읍시 시기동,중상사고,0,1,0,0,차대사람 - 횡단중,안전운전불이행,포장 - 젖음/습기,비,단일로 - 기타,화물,남,67세,상해없음,보행자,남,68세,중상
2677,2019100700100091,2019년 10월 7일 06시,월요일,전라북도 남원시 주천면,중상사고,0,1,0,0,차대사람 - 차도통행중,신호위반,포장 - 젖음/습기,비,교차로 - 교차로부근,건설기계,남,45세,상해없음,보행자,남,82세,중상
2678,2019100700100166,2019년 10월 7일 08시,월요일,전라북도 전주시 덕진구 동산동,경상사고,0,0,1,0,차대사람 - 기타,안전운전불이행,포장 - 젖음/습기,비,교차로 - 교차로안,승용,남,79세,상해없음,보행자,여,18세,경상
2679,2019100700100212,2019년 10월 7일 09시,월요일,전라북도 전주시 덕진구 송천동1가,중상사고,0,2,0,0,차대사람 - 횡단중,보행자보호의무위반,포장 - 젖음/습기,비,교차로 - 교차로안,승합,남,69세,상해없음,보행자,여,63세,중상
2680,2019100700100313,2019년 10월 7일 12시,월요일,전라북도 전주시 완산구 효자동1가,경상사고,0,0,1,0,차대사람 - 기타,안전운전불이행,포장 - 젖음/습기,비,교차로 - 교차로안,승용,남,69세,상해없음,보행자,여,68세,경상
2681,2019100700100374,2019년 10월 7일 14시,월요일,전라북도 전주시 완산구 전동3가,중상사고,0,1,0,0,차대사람 - 횡단중,안전운전불이행,포장 - 젖음/습기,비,단일로 - 기타,승용,여,36세,상해없음,보행자,여,88세,중상
2682,2019100700100604,2019년 10월 7일 19시,월요일,전라북도 익산시 부송동,경상사고,0,0,1,0,차대사람 - 횡단중,안전운전불이행,포장 - 젖음/습기,비,교차로 - 교차로부근,승용,여,41세,상해없음,보행자,남,38세,경상
2683,2019100800100051,2019년 10월 8일 01시,화요일,전라북도 군산시 나운동,경상사고,0,0,1,1,차대사람 - 횡단중,안전운전불이행,포장 - 건조,맑음,교차로 - 교차로부근,승용,남,67세,상해없음,보행자,남,52세,부상신고
2684,2019100800100337,2019년 10월 8일 13시,화요일,전라북도 전주시 덕진구 인후동2가,중상사고,0,1,0,0,차대사람 - 보도통행중,기타,포장 - 건조,맑음,기타 - 기타,승용,남,56세,상해없음,보행자,여,85세,중상
2685,2019100800100338,2019년 10월 8일 13시,화요일,전라북도 군산시 나운동,경상사고,0,0,1,0,차대사람 - 기타,안전운전불이행,포장 - 건조,맑음,단일로 - 기타,승용,남,71세,상해없음,보행자,여,70세,경상
2686,2019100800100464,2019년 10월 8일 16시,화요일,전라북도 남원시 왕정동,중상사고,0,1,1,0,차대사람 - 횡단중,안전운전불이행,포장 - 건조,맑음,단일로 - 기타,이륜,여,63세,경상,보행자,여,65세,중상
2687,2019100800100573,2019년 10월 8일 18시,화요일,전라북도 군산시 중앙로1가,중상사고,0,1,0,0,차대사람 - 횡단중,보행자보호의무위반,포장 - 건조,맑음,단일로 - 기타,승합,남,44세,상해없음,보행자,여,30세,중상
2688,2019100800100574,2019년 10월 8일 18시,화요일,전라북도 정읍시 쌍암동,중상사고,0,1,0,0,차대사람 - 길가장자리구역통행중,안전운전불이행,포장 - 건조,맑음,단일로 - 기타,승용,여,61세,상해없음,보행자,남,52세,중상
2689,2019100800100721,2019년 10월 8일 21시,화요일,전라북도 군산시 수송동,경상사고,0,0,1,0,차대사람 - 기타,안전운전불이행,포장 - 건조,맑음,교차로 - 교차로안,승용,여,49세,상해없음,보행자,여,51세,경상
2690,2019100800100755,2019년 10월 8일 22시,화요일,전라북도 익산시 영등동,중상사고,0,1,0,0,차대사람 - 기타,안전운전불이행,포장 - 건조,맑음,교차로 - 교차로안,승용,남,51세,상해없음,보행자,남,29세,중상
2691,2019101000100141,2019년 10월 10일 08시,목요일,전라북도 전주시 덕진구 진북동,경상사고,0,0,1,0,차대사람 - 횡단중,보행자보호의무위반,포장 - 건조,맑음,교차로 - 교차로횡단보도내,승용,여,44세,상해없음,보행자,여,56세,경상
2692,2019101000100364,2019년 10월 10일 14시,목요일,전라북도 전주시 완산구 효자동3가,경상사고,0,0,1,0,차대사람 - 기타,안전운전불이행,포장 - 건조,맑음,교차로 - 교차로부근,기타불명,기타불명,미분류,기타불명,보행자,여,26세,경상
2693,2019101000100551,2019년 10월 10일 18시,목요일,전라북도 완주군 봉동읍,중상사고,0,1,0,0,차대사람 - 횡단중,보행자보호의무위반,포장 - 건조,맑음,교차로 - 교차로횡단보도내,승용,여,37세,상해없음,보행자,남,10세,중상
2694,2019101100100198,2019년 10월 11일 09시,금요일,전라북도 전주시 덕진구 팔복동3가,경상사고,0,0,1,0,차대사람 - 횡단중,보행자보호의무위반,포장 - 건조,맑음,교차로 - 교차로안,화물,남,55세,상해없음,보행자,남,41세,경상
2695,2019101100100200,2019년 10월 11일 09시,금요일,전라북도 전주시 덕진구 진북동,중상사고,0,1,0,0,차대사람 - 보도통행중,보행자보호의무위반,포장 - 건조,맑음,교차로 - 교차로안,승용,여,51세,상해없음,보행자,여,69세,중상
2696,2019101100100410,2019년 10월 11일 15시,금요일,전라북도 군산시 대명동,중상사고,0,1,0,0,차대사람 - 횡단중,안전운전불이행,포장 - 건조,맑음,단일로 - 기타,승용,남,77세,상해없음,보행자,여,80세,중상
2697,2019101100100654,2019년 10월 11일 19시,금요일,전라북도 김제시 신풍동,중상사고,0,1,0,0,차대사람 - 횡단중,보행자보호의무위반,포장 - 건조,맑음,교차로 - 교차로횡단보도내,승용,남,35세,상해없음,보행자,여,24세,중상
2698,2019101100100734,2019년 10월 11일 21시,금요일,전라북도 군산시 나운동,중상사고,0,1,0,0,차대사람 - 기타,안전운전불이행,포장 - 건조,맑음,단일로 - 기타,승용,여,23세,상해없음,보행자,남,63세,중상
2699,2019101100100797,2019년 10월 11일 23시,금요일,전라북도 전주시 덕진구 인후동1가,경상사고,0,0,1,0,차대사람 - 횡단중,안전운전불이행,포장 - 건조,맑음,단일로 - 기타,승용,남,46세,상해없음,보행자,남,25세,경상
2700,2019101200100087,2019년 10월 12일 04시,토요일,전라북도 전주시 덕진구 송천동2가,중상사고,0,1,0,0,차대사람 - 횡단중,안전운전불이행,포장 - 건조,맑음,단일로 - 기타,승용,남,61세,상해없음,보행자,여,66세,중상
2701,2019101200100147,2019년 10월 12일 08시,토요일,전라북도 익산시 부송동,경상사고,0,0,1,0,차대사람 - 횡단중,안전운전불이행,포장 - 건조,맑음,교차로 - 교차로안,승용,여,34세,상해없음,보행자,여,61세,경상
2702,2019101200100315,2019년 10월 12일 12시,토요일,전라북도 군산시 오식도동,경상사고,0,0,1,0,차대사람 - 기타,안전운전불이행,포장 - 건조,맑음,단일로 - 기타,화물,남,47세,상해없음,보행자,남,54세,경상
2703,2019101200100358,2019년 10월 12일 13시,토요일,전라북도 군산시 옥도면,경상사고,0,0,1,0,차대사람 - 기타,안전운전불이행,포장 - 건조,맑음,단일로 - 기타,이륜,여,45세,상해없음,보행자,남,60세,경상
2704,2019101200100559,2019년 10월 12일 17시,토요일,전라북도 익산시 모현동1가,경상사고,0,0,1,0,차대사람 - 횡단중,보행자보호의무위반,포장 - 건조,맑음,교차로 - 교차로횡단보도내,승합,남,65세,상해없음,보행자,남,3세,경상
2705,2019101300100068,2019년 10월 13일 04시,일요일,전라북도 익산시 영등동,경상사고,0,0,1,0,차대사람 - 기타,안전운전불이행,포장 - 건조,맑음,기타 - 기타,승용,남,28세,상해없음,보행자,남,31세,경상
2706,2019101300100263,2019년 10월 13일 14시,일요일,전라북도 부안군 변산면,중상사고,0,1,0,0,차대사람 - 횡단중,보행자보호의무위반,포장 - 건조,맑음,교차로 - 교차로안,승용,여,32세,상해없음,보행자,남,72세,중상
2707,2019101300100308,2019년 10월 13일 15시,일요일,전라북도 전주시 완산구 고사동,경상사고,0,0,1,0,차대사람 - 기타,안전운전불이행,포장 - 건조,맑음,단일로 - 기타,승용,여,19세,상해없음,보행자,남,42세,경상
2708,2019101300100368,2019년 10월 13일 17시,일요일,전라북도 정읍시 소성면,중상사고,0,1,0,0,차대사람 - 횡단중,안전운전불이행,포장 - 건조,맑음,단일로 - 기타,승용,남,72세,상해없음,보행자,여,69세,중상
2709,2019101300100439,2019년 10월 13일 19시,일요일,전라북도 익산시 현영동,경상사고,0,0,1,0,차대사람 - 횡단중,신호위반,포장 - 건조,맑음,교차로 - 교차로안,이륜,남,29세,상해없음,보행자,남,71세,경상
2710,2019101400100031,2019년 10월 14일 00시,월요일,전라북도 정읍시 용계동,중상사고,0,1,0,0,차대사람 - 횡단중,안전운전불이행,포장 - 건조,맑음,단일로 - 기타,승용,남,37세,상해없음,보행자,남,45세,중상
2711,2019101400100132,2019년 10월 14일 08시,월요일,전라북도 전주시 덕진구 송천동1가,중상사고,0,1,0,0,차대사람 - 기타,기타,포장 - 건조,맑음,단일로 - 기타,화물,남,70세,상해없음,보행자,여,84세,중상
2712,2019101400100333,2019년 10월 14일 13시,월요일,전라북도 전주시 덕진구 덕진동2가,중상사고,0,1,0,0,차대사람 - 횡단중,안전운전불이행,포장 - 건조,맑음,교차로 - 교차로횡단보도내,승용,남,43세,상해없음,보행자,여,23세,중상
2713,2019101400100335,2019년 10월 14일 13시,월요일,전라북도 김제시 요촌동,경상사고,0,0,1,0,차대사람 - 횡단중,안전운전불이행,포장 - 건조,맑음,교차로 - 교차로안,승용,남,45세,상해없음,보행자,여,61세,경상
2714,2019101400100458,2019년 10월 14일 16시,월요일,전라북도 김제시 요촌동,경상사고,0,0,1,0,차대사람 - 횡단중,보행자보호의무위반,포장 - 건조,맑음,교차로 - 교차로안,승용,남,61세,상해없음,보행자,남,80세,경상
2715,2019101400100588,2019년 10월 14일 18시,월요일,전라북도 전주시 덕진구 인후동1가,경상사고,0,0,1,0,차대사람 - 횡단중,안전운전불이행,포장 - 건조,맑음,교차로 - 교차로안,승용,남,40세,상해없음,보행자,여,58세,경상
2716,2019101400100589,2019년 10월 14일 18시,월요일,전라북도 익산시 모현동1가,중상사고,0,1,0,0,차대사람 - 횡단중,보행자보호의무위반,포장 - 건조,맑음,단일로 - 기타,승용,여,55세,상해없음,보행자,남,41세,중상
2717,2019101400100640,2019년 10월 14일 19시,월요일,전라북도 전주시 완산구 효자동1가,중상사고,0,1,0,0,차대사람 - 횡단중,안전운전불이행,포장 - 건조,맑음,교차로 - 교차로부근,승용,여,31세,상해없음,보행자,남,54세,중상
2718,2019101400100642,2019년 10월 14일 19시,월요일,전라북도 임실군 오수면,사망사고,1,0,0,0,차대사람 - 기타,안전운전불이행,포장 - 건조,맑음,단일로 - 기타,승용,남,51세,상해없음,보행자,남,78세,사망
2719,2019101400100715,2019년 10월 14일 21시,월요일,전라북도 익산시 여산면,중상사고,0,1,0,0,차대사람 - 횡단중,안전운전불이행,포장 - 건조,맑음,단일로 - 기타,승용,남,31세,상해없음,보행자,남,58세,중상
2720,2019101500100085,2019년 10월 15일 06시,화요일,전라북도 전주시 덕진구 금암동,중상사고,0,1,0,0,차대사람 - 횡단중,안전운전불이행,포장 - 건조,맑음,교차로 - 교차로안,승용,남,52세,상해없음,보행자,남,86세,중상
2721,2019101500100238,2019년 10월 15일 10시,화요일,전라북도 정읍시 산내면,중상사고,0,1,0,0,차대사람 - 기타,안전운전불이행,포장 - 건조,맑음,단일로 - 기타,화물,남,73세,상해없음,보행자,남,84세,중상
2722,2019101500100442,2019년 10월 15일 15시,화요일,전라북도 익산시 영등동,중상사고,0,1,0,0,차대사람 - 횡단중,안전운전불이행,포장 - 건조,맑음,단일로 - 기타,화물,남,36세,상해없음,보행자,여,11세,중상
2723,2019101500100483,2019년 10월 15일 16시,화요일,전라북도 군산시 미장동,경상사고,0,0,1,0,차대사람 - 횡단중,안전운전불이행,포장 - 건조,기타,단일로 - 기타,승용,여,62세,상해없음,보행자,여,8세,경상
2724,2019101500100533,2019년 10월 15일 17시,화요일,전라북도 남원시 죽항동,중상사고,0,1,0,0,차대사람 - 차도통행중,안전운전불이행,포장 - 건조,맑음,교차로 - 교차로안,승용,여,54세,상해없음,보행자,여,59세,중상
2725,2019101500100589,2019년 10월 15일 18시,화요일,전라북도 전주시 덕진구 장동,중상사고,0,1,0,0,차대사람 - 횡단중,보행자보호의무위반,포장 - 건조,맑음,교차로 - 교차로횡단보도내,화물,남,66세,상해없음,보행자,여,52세,중상
2726,2019101500100591,2019년 10월 15일 18시,화요일,전라북도 익산시 부송동,경상사고,0,0,1,0,차대사람 - 횡단중,안전운전불이행,포장 - 건조,맑음,단일로 - 기타,승용,여,34세,상해없음,보행자,남,60세,경상
2727,2019101500100682,2019년 10월 15일 20시,화요일,전라북도 군산시 미룡동,중상사고,0,1,0,0,차대사람 - 길가장자리구역통행중,안전운전불이행,포장 - 건조,맑음,단일로 - 지하차도(도로)내,승용,남,56세,상해없음,보행자,남,58세,중상
2728,2019101600100438,2019년 10월 16일 15시,수요일,전라북도 부안군 부안읍,중상사고,0,1,0,0,차대사람 - 기타,안전운전불이행,포장 - 건조,맑음,주차장 - 주차장,승용,남,36세,상해없음,보행자,남,52세,중상
2729,2019101600100525,2019년 10월 16일 17시,수요일,전라북도 전주시 덕진구 반월동,중상사고,0,1,0,0,차대사람 - 횡단중,안전운전불이행,포장 - 건조,맑음,교차로 - 교차로횡단보도내,승용,남,62세,상해없음,보행자,남,23세,중상
2730,2019101600100575,2019년 10월 16일 18시,수요일,전라북도 군산시 삼학동,중상사고,0,1,0,0,차대사람 - 차도통행중,안전운전불이행,포장 - 건조,기타,단일로 - 기타,승용,남,52세,상해없음,보행자,여,78세,중상
2731,2019101600100576,2019년 10월 16일 18시,수요일,전라북도 김제시 검산동,사망사고,1,0,0,0,차대사람 - 차도통행중,안전운전불이행,포장 - 건조,맑음,교차로 - 교차로안,승용,여,57세,상해없음,보행자,여,77세,사망
2732,2019101600100722,2019년 10월 16일 22시,수요일,전라북도 전주시 덕진구 송천동2가,경상사고,0,0,1,0,차대사람 - 기타,안전운전불이행,포장 - 건조,맑음,단일로 - 기타,승용,남,26세,상해없음,보행자,남,36세,경상
2733,2019101700100430,2019년 10월 17일 16시,목요일,전라북도 전주시 완산구 효자동1가,경상사고,0,0,1,0,차대사람 - 기타,안전운전불이행,포장 - 건조,맑음,단일로 - 기타,승용,여,53세,상해없음,보행자,여,55세,경상