,사고번호,사고일시,요일,시군구,사고내용,사망자수,중상자수,경상자수,부상신고자수,사고유형,법규위반,노면상태,기상상태,도로형태,가해운전자 차종,가해운전자 성별,가해운전자 연령,가해운전자 상해정도,피해운전자 차종,피해운전자 성별,피해운전자 연령,피해운전자 상해정도
2734,2019101700100431,2019년 10월 17일 16시,목요일,전라북도 전주시 덕진구 송천동1가,경상사고,0,0,1,0,차대사람 - 횡단중,안전운전불이행,포장 - 건조,맑음,교차로 - 교차로횡단보도내,기타불명,기타불명,미분류,기타불명,보행자,남,13세,경상
2735,2019101700100474,2019년 10월 17일 17시,목요일,전라북도 전주시 덕진구 인후동1가,중상사고,0,1,0,0,차대사람 - 횡단중,안전운전불이행,포장 - 건조,맑음,교차로 - 교차로안,승용,남,66세,상해없음,보행자,여,82세,중상
2736,2019101700100537,2019년 10월 17일 18시,목요일,전라북도 군산시 경암동,경상사고,0,0,1,0,차대사람 - 횡단중,보행자보호의무위반,포장 - 건조,맑음,단일로 - 기타,승용,남,41세,상해없음,보행자,여,70세,경상
2737,2019101700100538,2019년 10월 17일 18시,목요일,전라북도 김제시 만경읍,중상사고,0,1,0,0,차대사람 - 길가장자리구역통행중,안전운전불이행,포장 - 건조,맑음,단일로 - 기타,승용,여,32세,상해없음,보행자,남,76세,중상
2738,2019101800100038,2019년 10월 18일 00시,금요일,전라북도 익산시 신동,경상사고,0,0,1,0,차대사람 - 기타,안전운전불이행,포장 - 건조,맑음,단일로 - 기타,원동기,남,24세,상해없음,보행자,여,20세,경상
2739,2019101800100362,2019년 10월 18일 13시,금요일,전라북도 고창군 심원면,중상사고,0,1,0,0,차대사람 - 길가장자리구역통행중,안전운전불이행,포장 - 건조,맑음,단일로 - 기타,승용,남,68세,상해없음,보행자,남,83세,중상
2740,2019101800100741,2019년 10월 18일 20시,금요일,전라북도 순창군 순창읍,중상사고,0,1,0,0,차대사람 - 길가장자리구역통행중,안전운전불이행,포장 - 젖음/습기,비,단일로 - 기타,화물,남,71세,상해없음,보행자,남,58세,중상
2741,2019101800100778,2019년 10월 18일 21시,금요일,전라북도 익산시 마동,경상사고,0,0,1,0,차대사람 - 차도통행중,안전운전불이행,포장 - 건조,맑음,단일로 - 기타,승용,여,42세,상해없음,보행자,여,55세,경상
2742,2019101900100041,2019년 10월 19일 00시,토요일,전라북도 전주시 완산구 효자동1가,경상사고,0,0,1,0,차대사람 - 기타,안전운전불이행,포장 - 건조,맑음,단일로 - 기타,승용,여,41세,상해없음,보행자,남,53세,경상
2743,2019101900100294,2019년 10월 19일 12시,토요일,전라북도 김제시 광활면,중상사고,0,1,0,0,차대사람 - 기타,안전운전불이행,포장 - 건조,맑음,단일로 - 기타,건설기계,남,43세,상해없음,보행자,남,83세,중상
2744,2019101900100363,2019년 10월 19일 14시,토요일,전라북도 전주시 완산구 서노송동,경상사고,0,0,1,0,차대사람 - 횡단중,신호위반,포장 - 건조,맑음,단일로 - 기타,승용,여,65세,상해없음,보행자,여,73세,경상
2745,2019101900100450,2019년 10월 19일 16시,토요일,전라북도 익산시 중앙동1가,중상사고,0,1,0,0,차대사람 - 보도통행중,보행자보호의무위반,포장 - 건조,맑음,단일로 - 기타,승용,남,64세,상해없음,보행자,여,77세,중상
2746,2019101900100451,2019년 10월 19일 16시,토요일,전라북도 익산시 남중동,경상사고,0,0,1,0,차대사람 - 보도통행중,보행자보호의무위반,포장 - 건조,맑음,교차로 - 교차로횡단보도내,화물,여,59세,상해없음,보행자,여,42세,경상
2747,2019101900100550,2019년 10월 19일 18시,토요일,전라북도 익산시 왕궁면,사망사고,1,0,0,0,차대사람 - 기타,안전운전불이행,포장 - 건조,맑음,단일로 - 기타,화물,남,46세,상해없음,보행자,남,73세,사망
2748,2019101900100661,2019년 10월 19일 21시,토요일,전라북도 부안군 부안읍,경상사고,0,0,1,0,차대사람 - 기타,안전운전불이행,포장 - 건조,맑음,교차로 - 교차로부근,승용,여,56세,상해없음,보행자,남,60세,경상
2749,2019102000100182,2019년 10월 20일 11시,일요일,전라북도 군산시 옥도면,중상사고,0,1,0,0,차대사람 - 기타,안전운전불이행,포장 - 건조,맑음,교차로 - 교차로부근,이륜,남,67세,상해없음,보행자,남,42세,중상
2750,2019102000100322,2019년 10월 20일 15시,일요일,전라북도 김제시 황산면,중상사고,0,1,0,0,차대사람 - 기타,안전운전불이행,포장 - 건조,맑음,단일로 - 기타,화물,남,50세,상해없음,보행자,남,79세,중상
2751,2019102000100323,2019년 10월 20일 15시,일요일,전라북도 김제시 요촌동,경상사고,0,0,1,0,차대사람 - 횡단중,보행자보호의무위반,포장 - 건조,맑음,교차로 - 교차로횡단보도내,승용,남,74세,상해없음,보행자,여,18세,경상
2752,2019102000100431,2019년 10월 20일 18시,일요일,전라북도 정읍시 상동,경상사고,0,0,1,0,차대사람 - 횡단중,보행자보호의무위반,포장 - 건조,맑음,교차로 - 교차로횡단보도내,승용,남,54세,상해없음,보행자,남,55세,경상
2753,2019102000100432,2019년 10월 20일 18시,일요일,전라북도 남원시 대강면,사망사고,1,0,0,0,차대사람 - 횡단중,과속,포장 - 건조,맑음,교차로 - 교차로안,이륜,남,39세,상해없음,보행자,여,69세,사망
2754,2019102000100433,2019년 10월 20일 18시,일요일,전라북도 남원시 주천면,중상사고,0,1,0,0,차대사람 - 차도통행중,안전운전불이행,포장 - 건조,맑음,단일로 - 교량,승용,남,43세,기타불명,보행자,남,63세,중상
2755,2019102000100468,2019년 10월 20일 19시,일요일,전라북도 부안군 백산면,중상사고,0,1,0,0,차대사람 - 기타,안전운전불이행,포장 - 건조,맑음,교차로 - 교차로안,화물,남,54세,상해없음,보행자,남,59세,중상
2756,2019102100100059,2019년 10월 21일 05시,월요일,전라북도 김제시 신풍동,중상사고,0,1,0,0,차대사람 - 차도통행중,안전운전불이행,포장 - 건조,맑음,교차로 - 교차로부근,승합,남,49세,상해없음,보행자,여,90세 이상,중상
2757,2019102100100139,2019년 10월 21일 08시,월요일,전라북도 익산시 남중동,중상사고,0,1,0,0,차대사람 - 횡단중,안전운전불이행,포장 - 건조,맑음,단일로 - 기타,승용,여,63세,상해없음,보행자,여,70세,중상
2758,2019102100100142,2019년 10월 21일 08시,월요일,전라북도 무주군 안성면,경상사고,0,0,1,0,차대사람 - 기타,안전운전불이행,포장 - 건조,맑음,단일로 - 기타,승합,여,50세,상해없음,보행자,여,61세,경상
2759,2019102100100484,2019년 10월 21일 16시,월요일,전라북도 군산시 문화동,경상사고,0,0,1,0,차대사람 - 차도통행중,안전운전불이행,포장 - 건조,맑음,교차로 - 교차로안,승합,남,45세,상해없음,보행자,남,14세,경상
2760,2019102100100580,2019년 10월 21일 18시,월요일,전라북도 익산시 오산면,중상사고,0,1,0,0,차대사람 - 차도통행중,안전운전불이행,포장 - 건조,맑음,교차로 - 교차로부근,승합,남,21세,상해없음,보행자,남,81세,중상
2761,2019102100100686,2019년 10월 21일 21시,월요일,전라북도 고창군 고창읍,경상사고,0,0,1,0,차대사람 - 횡단중,보행자보호의무위반,포장 - 건조,맑음,교차로 - 교차로부근,승용,남,34세,상해없음,보행자,남,34세,경상
2762,2019102100100712,2019년 10월 21일 22시,월요일,전라북도 전주시 완산구 서신동,경상사고,0,0,1,0,차대사람 - 횡단중,안전운전불이행,포장 - 건조,맑음,교차로 - 교차로부근,승용,여,24세,상해없음,보행자,여,23세,경상
2763,2019102200100162,2019년 10월 22일 08시,화요일,전라북도 전주시 덕진구 인후동1가,경상사고,0,0,1,0,차대사람 - 횡단중,안전운전불이행,포장 - 건조,맑음,교차로 - 교차로부근,화물,남,59세,상해없음,보행자,남,7세,경상
2764,2019102200100290,2019년 10월 22일 12시,화요일,전라북도 장수군 장수읍,중상사고,0,1,0,0,차대사람 - 횡단중,안전운전불이행,포장 - 건조,맑음,교차로 - 교차로안,화물,남,51세,상해없음,보행자,남,77세,중상
2765,2019102200100448,2019년 10월 22일 16시,화요일,전라북도 군산시 소룡동,경상사고,0,0,1,0,차대사람 - 기타,안전운전불이행,포장 - 건조,맑음,단일로 - 기타,화물,남,59세,상해없음,보행자,여,14세,경상
2766,2019102200100625,2019년 10월 22일 19시,화요일,전라북도 완주군 삼례읍,경상사고,0,0,1,0,차대사람 - 횡단중,보행자보호의무위반,포장 - 건조,맑음,교차로 - 교차로안,승용,남,45세,상해없음,보행자,남,43세,경상
2767,2019102300100146,2019년 10월 23일 08시,수요일,전라북도 전주시 덕진구 인후동1가,경상사고,0,0,1,0,차대사람 - 차도통행중,안전운전불이행,포장 - 건조,맑음,기타 - 기타,승용,남,35세,상해없음,보행자,남,27세,경상
2768,2019102300100239,2019년 10월 23일 11시,수요일,전라북도 전주시 덕진구 우아동2가,경상사고,0,0,1,0,차대사람 - 기타,안전운전불이행,포장 - 건조,맑음,단일로 - 기타,승합,남,54세,상해없음,보행자,여,67세,경상
2769,2019102300100270,2019년 10월 23일 12시,수요일,전라북도 전주시 덕진구 덕진동1가,경상사고,0,0,1,0,차대사람 - 기타,안전운전불이행,포장 - 건조,맑음,기타 - 기타,승용,여,26세,상해없음,보행자,여,20세,경상
2770,2019102300100299,2019년 10월 23일 13시,수요일,전라북도 전주시 덕진구 인후동1가,중상사고,0,1,0,0,차대사람 - 횡단중,보행자보호의무위반,포장 - 건조,맑음,단일로 - 기타,승용,여,35세,상해없음,보행자,남,7세,중상
2771,2019102300100300,2019년 10월 23일 13시,수요일,전라북도 정읍시 연지동,중상사고,0,1,0,0,차대사람 - 횡단중,안전운전불이행,포장 - 건조,맑음,교차로 - 교차로안,화물,남,66세,상해없음,보행자,남,56세,중상
2772,2019102300100407,2019년 10월 23일 16시,수요일,전라북도 군산시 수송동,중상사고,0,1,0,0,차대사람 - 횡단중,안전운전불이행,포장 - 건조,맑음,단일로 - 기타,승용,여,35세,상해없음,보행자,남,10세,중상
2773,2019102400100045,2019년 10월 24일 01시,목요일,전라북도 전주시 완산구 다가동2가,중상사고,0,1,0,0,차대사람 - 기타,안전운전불이행,포장 - 건조,맑음,기타 - 기타,승용,남,25세,기타불명,보행자,여,54세,중상
2774,2019102400100186,2019년 10월 24일 09시,목요일,전라북도 김제시 진봉면,경상사고,0,0,1,0,차대사람 - 차도통행중,안전운전불이행,포장 - 건조,맑음,단일로 - 기타,화물,남,34세,상해없음,보행자,남,78세,경상
2775,2019102400100221,2019년 10월 24일 10시,목요일,전라북도 군산시 나운동,경상사고,0,0,1,0,차대사람 - 기타,안전운전불이행,포장 - 건조,맑음,단일로 - 기타,승용,남,28세,상해없음,보행자,여,21세,경상
2776,2019102400100444,2019년 10월 24일 16시,목요일,전라북도 군산시 경암동,경상사고,0,0,1,0,차대사람 - 기타,안전운전불이행,포장 - 건조,맑음,단일로 - 기타,승용,남,65세,상해없음,보행자,남,48세,경상
2777,2019102400100446,2019년 10월 24일 16시,목요일,전라북도 정읍시 칠보면,중상사고,0,1,0,0,차대사람 - 횡단중,안전운전불이행,포장 - 건조,흐림,단일로 - 기타,승용,남,59세,상해없음,보행자,여,81세,중상
2778,2019102400100676,2019년 10월 24일 20시,목요일,전라북도 익산시 황등면,중상사고,0,1,0,0,차대사람 - 횡단중,안전운전불이행,포장 - 건조,맑음,교차로 - 교차로안,승용,남,37세,상해없음,보행자,남,72세,중상
2779,2019102500100155,2019년 10월 25일 08시,금요일,전라북도 전주시 완산구 효자동1가,경상사고,0,0,1,0,차대사람 - 기타,안전운전불이행,포장 - 건조,맑음,기타 - 기타,승용,여,47세,상해없음,보행자,여,15세,경상
2780,2019102500100191,2019년 10월 25일 09시,금요일,전라북도 군산시 문화동,경상사고,0,0,1,0,차대사람 - 횡단중,보행자보호의무위반,포장 - 건조,맑음,교차로 - 교차로횡단보도내,승용,남,36세,상해없음,보행자,남,77세,경상
2781,2019102500100255,2019년 10월 25일 11시,금요일,전라북도 김제시 하동,사망사고,1,0,0,0,차대사람 - 횡단중,안전운전불이행,포장 - 건조,맑음,교차로 - 교차로부근,승용,남,67세,상해없음,보행자,여,82세,사망
2782,2019102500100479,2019년 10월 25일 16시,금요일,전라북도 익산시 남중동,중상사고,0,1,0,0,차대사람 - 횡단중,보행자보호의무위반,포장 - 건조,맑음,교차로 - 교차로횡단보도내,화물,여,64세,상해없음,보행자,남,81세,중상
2783,2019102500100600,2019년 10월 25일 18시,금요일,전라북도 정읍시 농소동,사망사고,1,0,0,0,차대사람 - 횡단중,과속,포장 - 건조,맑음,단일로 - 기타,승합,남,54세,상해없음,보행자,남,84세,사망
2784,2019102500100689,2019년 10월 25일 19시,금요일,전라북도 정읍시 부전동,중상사고,0,1,0,0,차대사람 - 기타,안전운전불이행,포장 - 건조,맑음,단일로 - 기타,승합,남,72세,상해없음,보행자,여,61세,중상
2785,2019102500100690,2019년 10월 25일 19시,금요일,전라북도 남원시 월락동,중상사고,0,1,0,0,차대사람 - 기타,안전운전불이행,포장 - 건조,맑음,기타 - 기타,승용,여,37세,상해없음,보행자,남,79세,중상
2786,2019102500100741,2019년 10월 25일 20시,금요일,전라북도 부안군 부안읍,중상사고,0,1,0,0,차대사람 - 횡단중,중앙선침범,포장 - 건조,맑음,교차로 - 교차로부근,승용,남,47세,상해없음,보행자,여,55세,중상
2787,2019102600100295,2019년 10월 26일 12시,토요일,전라북도 장수군 산서면,경상사고,0,0,1,0,차대사람 - 횡단중,안전운전불이행,포장 - 건조,맑음,교차로 - 교차로안,승용,여,57세,상해없음,보행자,여,80세,경상
2788,2019102600100496,2019년 10월 26일 17시,토요일,전라북도 전주시 완산구 중화산동2가,경상사고,0,0,1,0,차대사람 - 횡단중,보행자보호의무위반,포장 - 건조,맑음,교차로 - 교차로횡단보도내,승용,여,58세,상해없음,보행자,여,67세,경상
2789,2019102600100498,2019년 10월 26일 17시,토요일,전라북도 익산시 신동,경상사고,0,0,1,0,차대사람 - 횡단중,안전운전불이행,포장 - 건조,맑음,단일로 - 기타,승용,남,58세,상해없음,보행자,남,14세,경상
2790,2019102600100499,2019년 10월 26일 17시,토요일,전라북도 익산시 영등동,중상사고,0,1,0,0,차대사람 - 횡단중,보행자보호의무위반,포장 - 건조,맑음,교차로 - 교차로부근,승용,남,66세,상해없음,보행자,여,69세,중상
2791,2019102600100545,2019년 10월 26일 18시,토요일,전라북도 군산시 미원동,중상사고,0,1,0,0,차대사람 - 횡단중,보행자보호의무위반,포장 - 건조,맑음,교차로 - 교차로횡단보도내,화물,남,47세,상해없음,보행자,여,78세,중상
2792,2019102600100584,2019년 10월 26일 19시,토요일,전라북도 군산시 나운동,경상사고,0,0,1,0,차대사람 - 횡단중,보행자보호의무위반,포장 - 건조,맑음,교차로 - 교차로횡단보도내,화물,남,37세,상해없음,보행자,남,45세,경상
2793,2019102600100585,2019년 10월 26일 19시,토요일,전라북도 무주군 설천면,경상사고,0,0,1,0,차대사람 - 기타,안전운전불이행,포장 - 건조,맑음,단일로 - 기타,화물,남,63세,상해없음,보행자,남,86세,경상
2794,2019102600100629,2019년 10월 26일 20시,토요일,전라북도 익산시 부송동,경상사고,0,0,1,0,차대사람 - 횡단중,안전운전불이행,포장 - 건조,맑음,단일로 - 기타,이륜,남,35세,상해없음,보행자,남,47세,경상
2795,2019102700100135,2019년 10월 27일 07시,일요일,전라북도 정읍시 연지동,중상사고,0,1,0,0,차대사람 - 횡단중,안전운전불이행,포장 - 건조,맑음,교차로 - 교차로안,화물,남,78세,상해없음,보행자,여,76세,중상
2796,2019102700100169,2019년 10월 27일 09시,일요일,전라북도 전주시 덕진구 금암동,경상사고,0,0,1,0,차대사람 - 길가장자리구역통행중,안전운전불이행,포장 - 건조,맑음,단일로 - 기타,승용,여,36세,상해없음,보행자,남,51세,경상
2797,2019102700100225,2019년 10월 27일 11시,일요일,전라북도 군산시 대명동,중상사고,0,1,0,0,차대사람 - 기타,보행자보호의무위반,포장 - 건조,맑음,단일로 - 기타,승용,남,40세,상해없음,보행자,남,74세,중상
2798,2019102700100252,2019년 10월 27일 12시,일요일,전라북도 군산시 미장동,중상사고,0,1,0,0,차대사람 - 기타,안전운전불이행,포장 - 건조,맑음,교차로 - 교차로횡단보도내,승용,남,33세,상해없음,보행자,남,64세,중상
2799,2019102700100291,2019년 10월 27일 13시,일요일,전라북도 전주시 완산구 평화동1가,중상사고,0,1,0,0,차대사람 - 기타,안전운전불이행,포장 - 건조,맑음,교차로 - 교차로부근,이륜,남,19세,상해없음,보행자,여,60세,중상
2800,2019102700100538,2019년 10월 27일 19시,일요일,전라북도 전주시 덕진구 산정동,경상사고,0,0,1,0,차대사람 - 길가장자리구역통행중,안전운전불이행,포장 - 건조,맑음,단일로 - 기타,기타불명,기타불명,미분류,기타불명,보행자,남,50세,경상
2801,2019102700100563,2019년 10월 27일 20시,일요일,전라북도 전주시 덕진구 동산동,경상사고,0,0,1,0,차대사람 - 횡단중,안전운전불이행,포장 - 건조,맑음,단일로 - 기타,승용,남,38세,상해없음,보행자,남,71세,경상
2802,2019102800100079,2019년 10월 28일 06시,월요일,전라북도 임실군 성수면,중상사고,0,1,0,0,차대사람 - 차도통행중,안전운전불이행,포장 - 기타,안개,단일로 - 지하차도(도로)내,승용,남,65세,상해없음,보행자,여,73세,중상
2803,2019102800100214,2019년 10월 28일 10시,월요일,전라북도 완주군 이서면,중상사고,0,1,0,0,차대사람 - 기타,안전운전불이행,포장 - 건조,맑음,주차장 - 주차장,승용,여,53세,상해없음,보행자,여,64세,중상
2804,2019102800100301,2019년 10월 28일 12시,월요일,전라북도 전주시 완산구 고사동,중상사고,0,1,0,0,차대사람 - 횡단중,보행자보호의무위반,포장 - 건조,맑음,교차로 - 교차로횡단보도내,승용,여,68세,상해없음,보행자,여,60세,중상
2805,2019102800100452,2019년 10월 28일 16시,월요일,전라북도 완주군 이서면,부상신고사고,0,0,0,1,차대사람 - 기타,안전운전불이행,포장 - 건조,맑음,기타 - 기타,승용,여,37세,상해없음,보행자,남,84세,부상신고
2806,2019102900100238,2019년 10월 29일 10시,화요일,전라북도 고창군 고창읍,사망사고,1,0,0,0,차대사람 - 보도통행중,안전운전불이행,포장 - 건조,맑음,기타 - 기타,화물,남,55세,상해없음,보행자,남,72세,사망
2807,2019102900100464,2019년 10월 29일 16시,화요일,전라북도 정읍시 시기동,경상사고,0,0,1,0,차대사람 - 횡단중,안전운전불이행,포장 - 건조,맑음,기타 - 기타,승용,여,55세,상해없음,보행자,남,7세,경상
2808,2019103000100103,2019년 10월 30일 06시,수요일,전라북도 군산시 조촌동,경상사고,0,0,1,0,차대사람 - 횡단중,신호위반,포장 - 건조,맑음,교차로 - 교차로부근,화물,남,64세,상해없음,보행자,남,64세,경상
2809,2019103000100218,2019년 10월 30일 09시,수요일,전라북도 정읍시 시기동,경상사고,0,0,1,0,차대사람 - 횡단중,중앙선침범,포장 - 건조,맑음,단일로 - 기타,승용,남,61세,상해없음,보행자,여,75세,경상
2810,2019103000100219,2019년 10월 30일 09시,수요일,전라북도 김제시 요촌동,중상사고,0,1,0,0,차대사람 - 횡단중,안전운전불이행,포장 - 건조,맑음,단일로 - 기타,승용,여,74세,상해없음,보행자,남,77세,중상
2811,2019103000100360,2019년 10월 30일 13시,수요일,전라북도 익산시 남중동,중상사고,0,1,0,0,차대사람 - 횡단중,안전운전불이행,포장 - 건조,맑음,교차로 - 교차로부근,승용,여,57세,상해없음,보행자,여,70세,중상
2812,2019103000100450,2019년 10월 30일 15시,수요일,전라북도 전주시 완산구 효자동2가,중상사고,0,1,0,0,차대사람 - 횡단중,안전운전불이행,포장 - 건조,맑음,교차로 - 교차로안,승용,남,40세,상해없음,보행자,여,23세,중상
2813,2019103000100451,2019년 10월 30일 15시,수요일,전라북도 진안군 진안읍,중상사고,0,1,0,0,차대사람 - 기타,안전운전불이행,포장 - 건조,맑음,교차로 - 교차로안,승용,남,54세,상해없음,보행자,여,78세,중상
2814,2019103100100184,2019년 10월 31일 09시,목요일,전라북도 김제시 요촌동,중상사고,0,1,0,0,차대사람 - 횡단중,안전운전불이행,포장 - 건조,맑음,교차로 - 교차로안,승용,여,56세,상해없음,보행자,남,71세,중상
2815,2019103100100504,2019년 10월 31일 17시,목요일,전라북도 전주시 완산구 고사동,경상사고,0,0,1,0,차대사람 - 횡단중,신호위반,포장 - 건조,맑음,단일로 - 기타,화물,남,63세,상해없음,보행자,여,17세,경상
2816,2019103100100565,2019년 10월 31일 18시,목요일,전라북도 익산시 부송동,경상사고,0,0,1,0,차대사람 - 기타,안전운전불이행,포장 - 건조,맑음,교차로 - 교차로안,승용,남,48세,상해없음,보행자,남,68세,경상
2817,2019103100100614,2019년 10월 31일 19시,목요일,전라북도 김제시 금구면,사망사고,1,0,0,0,차대사람 - 횡단중,신호위반,포장 - 건조,맑음,교차로 - 교차로안,승용,여,50세,상해없음,보행자,남,71세,사망
2818,2019103100100691,2019년 10월 31일 21시,목요일,전라북도 전주시 덕진구 송천동2가,중상사고,0,1,0,0,차대사람 - 횡단중,신호위반,포장 - 건조,맑음,교차로 - 교차로부근,개인형이동수단(PM),남,52세,상해없음,보행자,여,45세,중상
2819,2019110100100173,2019년 11월 1일 08시,금요일,전라북도 전주시 덕진구 인후동2가,경상사고,0,0,1,0,차대사람 - 차도통행중,안전운전불이행,포장 - 건조,맑음,단일로 - 기타,승용,여,48세,상해없음,보행자,여,14세,경상
2820,2019110100100229,2019년 11월 1일 09시,금요일,전라북도 전주시 완산구 삼천동1가,경상사고,0,0,1,0,차대사람 - 횡단중,보행자보호의무위반,포장 - 건조,맑음,교차로 - 교차로횡단보도내,승용,여,42세,상해없음,보행자,남,23세,경상
2821,2019110100100542,2019년 11월 1일 17시,금요일,전라북도 익산시 중앙동3가,경상사고,0,0,1,0,차대사람 - 차도통행중,안전운전불이행,포장 - 건조,맑음,단일로 - 기타,승용,여,82세,상해없음,보행자,여,46세,경상
2822,2019110100100668,2019년 11월 1일 19시,금요일,전라북도 정읍시 수성동,중상사고,0,1,0,0,차대사람 - 횡단중,보행자보호의무위반,포장 - 건조,맑음,교차로 - 교차로안,승용,남,21세,상해없음,보행자,남,43세,중상
2823,2019110100100669,2019년 11월 1일 19시,금요일,전라북도 장수군 계남면,경상사고,0,0,1,0,차대사람 - 길가장자리구역통행중,안전운전불이행,포장 - 건조,맑음,단일로 - 기타,승용,남,47세,상해없음,보행자,남,31세,경상
2824,2019110200100153,2019년 11월 2일 08시,토요일,전라북도 순창군 팔덕면,경상사고,0,0,1,0,차대사람 - 기타,안전운전불이행,포장 - 건조,맑음,교차로 - 교차로안,승용,남,58세,상해없음,보행자,남,34세,경상
2825,2019110200100323,2019년 11월 2일 12시,토요일,전라북도 무주군 안성면,중상사고,0,1,0,0,차대사람 - 차도통행중,보행자보호의무위반,포장 - 건조,흐림,단일로 - 기타,승용,여,41세,상해없음,보행자,남,5세,중상
2826,2019110200100443,2019년 11월 2일 15시,토요일,전라북도 부안군 변산면,경상사고,0,0,1,0,차대사람 - 기타,안전운전불이행,포장 - 건조,맑음,단일로 - 기타,승용,여,52세,상해없음,보행자,남,7세,경상
2827,2019110200100484,2019년 11월 2일 16시,토요일,전라북도 군산시 옥구읍,사망사고,1,0,0,0,차대사람 - 횡단중,중앙선침범,포장 - 건조,맑음,단일로 - 지하차도(도로)내,건설기계,남,40세,상해없음,보행자,남,73세,사망
2828,2019110200100525,2019년 11월 2일 17시,토요일,전라북도 익산시 영등동,경상사고,0,0,1,0,차대사람 - 차도통행중,안전운전불이행,포장 - 건조,맑음,교차로 - 교차로안,승용,여,30세,상해없음,보행자,여,86세,경상
2829,2019110200100573,2019년 11월 2일 18시,토요일,전라북도 군산시 수송동,중상사고,0,1,0,0,차대사람 - 기타,보행자보호의무위반,포장 - 건조,맑음,교차로 - 교차로횡단보도내,승용,남,37세,상해없음,보행자,남,78세,중상
2830,2019110200100707,2019년 11월 2일 21시,토요일,전라북도 전주시 덕진구 인후동1가,중상사고,0,1,0,0,차대사람 - 횡단중,보행자보호의무위반,포장 - 건조,맑음,교차로 - 교차로횡단보도내,승용,남,63세,상해없음,보행자,남,65세,중상
2831,2019110200100732,2019년 11월 2일 22시,토요일,전라북도 익산시 신동,경상사고,0,0,1,0,차대사람 - 차도통행중,안전운전불이행,포장 - 건조,맑음,교차로 - 교차로부근,승용,여,29세,상해없음,보행자,여,19세,경상
2832,2019110300100158,2019년 11월 3일 10시,일요일,전라북도 순창군 팔덕면,경상사고,0,0,1,0,차대사람 - 기타,안전운전불이행,포장 - 건조,맑음,교차로 - 교차로부근,승용,남,43세,상해없음,보행자,남,33세,경상
2833,2019110300100182,2019년 11월 3일 11시,일요일,전라북도 군산시 수송동,경상사고,0,0,1,0,차대사람 - 횡단중,보행자보호의무위반,포장 - 건조,맑음,단일로 - 기타,승용,남,61세,상해없음,보행자,여,82세,경상
2834,2019110300100418,2019년 11월 3일 18시,일요일,전라북도 전주시 완산구 평화동2가,사망사고,1,0,0,0,차대사람 - 횡단중,보행자보호의무위반,포장 - 건조,맑음,단일로 - 기타,승용,남,66세,상해없음,보행자,남,84세,사망
2835,2019110400100047,2019년 11월 4일 02시,월요일,전라북도 전주시 덕진구 인후동1가,중상사고,0,1,0,0,차대사람 - 횡단중,신호위반,포장 - 건조,맑음,교차로 - 교차로횡단보도내,승용,남,46세,상해없음,보행자,여,84세,중상
2836,2019110400100157,2019년 11월 4일 08시,월요일,전라북도 전주시 완산구 평화동2가,경상사고,0,0,1,0,차대사람 - 횡단중,보행자보호의무위반,포장 - 건조,맑음,교차로 - 교차로횡단보도내,승용,여,31세,상해없음,보행자,여,72세,경상
2837,2019110400100320,2019년 11월 4일 12시,월요일,전라북도 전주시 덕진구 진북동,중상사고,0,1,0,0,차대사람 - 횡단중,안전운전불이행,포장 - 건조,맑음,교차로 - 교차로횡단보도내,승용,여,53세,상해없음,보행자,여,79세,중상
2838,2019110400100321,2019년 11월 4일 12시,월요일,전라북도 군산시 회현면,경상사고,0,0,1,0,차대사람 - 기타,안전운전불이행,포장 - 건조,맑음,단일로 - 기타,승용,여,59세,상해없음,보행자,남,67세,경상
2839,2019110400100323,2019년 11월 4일 12시,월요일,전라북도 정읍시 내장동,경상사고,0,0,1,0,차대사람 - 기타,안전운전불이행,포장 - 건조,맑음,단일로 - 기타,승용,남,54세,상해없음,보행자,남,62세,경상
2840,2019110400100410,2019년 11월 4일 14시,월요일,전라북도 김제시 요촌동,중상사고,0,1,0,0,차대사람 - 횡단중,안전운전불이행,포장 - 건조,맑음,단일로 - 기타,승용,남,83세,상해없음,보행자,여,72세,중상
2841,2019110400100460,2019년 11월 4일 15시,월요일,전라북도 군산시 나운동,경상사고,0,0,1,0,차대사람 - 기타,안전운전불이행,포장 - 건조,맑음,단일로 - 기타,화물,남,46세,상해없음,보행자,여,70세,경상
2842,2019110400100461,2019년 11월 4일 15시,월요일,전라북도 정읍시 흑암동,경상사고,0,0,1,0,차대사람 - 기타,안전운전불이행,포장 - 건조,맑음,교차로 - 교차로부근,승용,남,64세,상해없음,보행자,여,78세,경상
2843,2019110400100462,2019년 11월 4일 15시,월요일,전라북도 남원시 죽항동,경상사고,0,0,1,0,차대사람 - 기타,안전운전불이행,포장 - 건조,맑음,단일로 - 기타,승용,남,73세,상해없음,보행자,남,33세,경상
2844,2019110400100556,2019년 11월 4일 17시,월요일,전라북도 김제시 요촌동,경상사고,0,0,2,0,차대사람 - 횡단중,안전운전불이행,포장 - 건조,맑음,단일로 - 기타,이륜,여,67세,경상,보행자,여,47세,경상